sku_id,method,horizon,count,absolute_error,actual_units,signed_error,mae,wape,bias_units_per_day
FW-001,SEASONAL7,30,1260,902.0,554.0,-18.0,0.7158730158730159,1.628158844765343,-0.014285714285714285
FW-001,SEASONAL7,60,2520,1822.0,1121.0,-44.0,0.723015873015873,1.6253345227475469,-0.01746031746031746
FW-001,SEASONAL7,90,3780,2570.0,1501.0,118.0,0.6798941798941799,1.7121918720852765,0.031216931216931216
FW-001,SMA30,30,1260,848.6666666666667,554.0,-7.000000000000016,0.6735449735449736,1.5318892900120338,-0.005555555555555568
FW-001,SMA30,60,2520,1696.8,1121.0,-27.00000000000005,0.6733333333333333,1.5136485280999108,-0.010714285714285733
FW-001,SMA30,90,3780,2392.866666666667,1501.0,139.99999999999997,0.6330335097001764,1.594181656673329,0.03703703703703703
FW-002,SEASONAL7,30,1235,1570.5,1690.0,-38.5,1.2716599190283402,0.9292899408284023,-0.031174089068825912
FW-002,SEASONAL7,60,2469,3211.75,3371.0,-32.5,1.3008302956662616,0.9527588252743993,-0.013163223977318752
FW-002,SEASONAL7,90,3707,4791.0,4864.0,168.25,1.2924197464256812,0.9849917763157895,0.04538710547612625
FW-002,SMA30,30,1235,1218.6166666666668,1690.0,-99.81666666666665,0.9867341430499327,0.7210749506903353,-0.08082321187584345
FW-002,SMA30,60,2469,2477.5166666666664,3371.0,-180.85,1.0034494397191844,0.734950064273707,-0.07324827865532604
FW-002,SMA30,90,3707,3700.9166666666665,4864.0,-59.21666666666667,0.9983589605251326,0.7608792489035088,-0.015974282888229475
FW-003,SEASONAL7,30,1127,1570.897619047619,1653.0,-70.70714285714286,1.3938754383741072,0.9503312879900901,-0.06273925719356065
FW-003,SEASONAL7,60,2212,3021.491666666667,3229.0,-79.96785714285716,1.365954641350211,0.9357360379890576,-0.036151834151382074
FW-003,SEASONAL7,90,3338,4481.161904761905,4770.0,-67.0261904761905,1.3424691146680363,0.9394469402016573,-0.020079745499158325
FW-003,SMA30,30,1127,1183.007380952381,1653.0,-132.99809523809523,1.0496959901973213,0.7156729467346528,-0.11801073224320784
FW-003,SMA30,60,2212,2341.583095238095,3229.0,-229.12190476190472,1.0585818694566433,0.7251728384137799,-0.10358133126668387
FW-003,SMA30,90,3338,3483.657976190476,4770.0,-256.95130952380947,1.0436363020342947,0.730326619746431,-0.07697762418328624
FW-004,SEASONAL7,30,1047,1483.220238095238,1781.0,-47.12261904761905,1.416638240778642,0.8328019304296677,-0.045007277027334334
FW-004,SEASONAL7,60,1978,2848.190476190476,3245.0,79.30000000000001,1.4399345177909384,0.877716633648837,0.040091001011122354
FW-004,SEASONAL7,90,2973,4297.982142857143,4663.0,360.6464285714286,1.445671760126856,0.9217203823412273,0.12130724136274086
FW-004,SMA30,30,1047,1172.448492063492,1781.0,-77.83857142857143,1.1198170888858567,0.6583090915572667,-0.07434438531859736
FW-004,SMA30,60,1978,2239.1077777777778,3245.0,10.308412698412724,1.1320059543871475,0.6900178051703475,0.0052115332145665945
FW-004,SMA30,90,2973,3379.3669047619046,4663.0,230.0865079365079,1.1366858071853025,0.724719473463844,0.07739203092381698
FW-005,SEASONAL7,30,701,1108.2008574758574,1332.0,-186.52041014541015,1.5808856740026498,0.8319826257326257,-0.2660776178964481
FW-005,SEASONAL7,60,1309,1999.3135087135088,2375.0,-78.23633033633034,1.5273594413395788,0.8418162141951616,-0.05976801400789178
FW-005,SEASONAL7,90,2063,3138.0002775002777,3618.0,-55.942562992563026,1.5210859318954326,0.8673300932836588,-0.027117093064742137
FW-005,SMA30,30,701,910.4286003811004,1332.0,-157.45586700336702,1.2987569192312416,0.6835049552410664,-0.22461607275801287
FW-005,SMA30,60,1309,1709.0551132201133,2375.0,-73.1802072002072,1.3056188794653272,0.7196021529347846,-0.05590542948831719
FW-005,SMA30,90,2063,2652.8025108225106,3618.0,-45.05724072224077,1.2858955457210424,0.7332234689946132,-0.02184064019497856
FW-006,SEASONAL7,30,1260,1347.0,1393.0,27.0,1.069047619047619,0.9669777458722182,0.02142857142857143
FW-006,SEASONAL7,60,2520,2753.0,2860.0,-3.0,1.0924603174603174,0.9625874125874125,-0.0011904761904761906
FW-006,SEASONAL7,90,3780,4084.0,4087.0,178.0,1.0804232804232805,0.9992659652556888,0.04708994708994709
FW-006,SMA30,30,1260,1070.2,1393.0,-41.99999999999997,0.8493650793650794,0.7682699210337401,-0.03333333333333331
FW-006,SMA30,60,2520,2175.133333333333,2860.0,-158.0,0.8631481481481481,0.7605361305361305,-0.0626984126984127
FW-006,SMA30,90,3780,3214.0,4087.0,-34.0,0.8502645502645503,0.7863958894054318,-0.008994708994708995
FW-007,SEASONAL7,30,1260,1579.0,1669.0,49.0,1.2531746031746032,0.9460754943079689,0.03888888888888889
FW-007,SEASONAL7,60,2520,3152.0,3294.0,178.0,1.2507936507936508,0.9568913175470553,0.07063492063492063
FW-007,SEASONAL7,90,3780,4702.0,4766.0,448.0,1.2439153439153439,0.9865715484683173,0.11851851851851852
FW-007,SMA30,30,1260,1191.5333333333333,1669.0,33.000000000000036,0.9456613756613756,0.7139205112842021,0.02619047619047622
FW-007,SMA30,60,2520,2365.6,3294.0,110.0,0.9387301587301587,0.718154219793564,0.04365079365079365
FW-007,SMA30,90,3780,3507.866666666667,4766.0,340.0000000000001,0.9280070546737214,0.7360190236396699,0.08994708994708998
FW-008,SEASONAL7,30,1260,719.0,455.0,-1.0,0.5706349206349206,1.5802197802197802,-0.0007936507936507937
FW-008,SEASONAL7,60,2520,1443.0,908.0,9.0,0.5726190476190476,1.5892070484581498,0.0035714285714285713
FW-008,SEASONAL7,90,3780,2077.0,1281.0,77.0,0.5494708994708994,1.6213895394223263,0.020370370370370372
FW-008,SMA30,30,1260,666.0,455.0,-16.000000000000025,0.5285714285714286,1.4637362637362636,-0.012698412698412717
FW-008,SMA30,60,2520,1320.6,908.0,-30.000000000000007,0.524047619047619,1.4544052863436123,-0.011904761904761908
FW-008,SMA30,90,3780,1923.9333333333332,1281.0,36.00000000000003,0.5089770723104056,1.5018995576372625,0.009523809523809532
FW-009,SEASONAL7,30,766,1102.9040043290042,1199.0,-117.6254329004329,1.4398224599595355,0.9198532146196866,-0.15355800639743197
FW-009,SEASONAL7,60,1509,2121.179401154401,2262.0,-20.477453102453097,1.4056854878425455,0.9377450933485416,-0.013570214116933795
FW-009,SEASONAL7,90,2472,3435.129184704185,3661.0,62.285389610389615,1.3896153659806574,0.9383035194493813,0.02519635502038415
FW-009,SMA30,30,766,917.9990367965368,1199.0,-158.59391654641658,1.1984321629197607,0.7656372283540757,-0.20704166650968223
FW-009,SMA30,60,1509,1759.026020923521,2262.0,-71.82401515151518,1.165689874700809,0.7776419190643329,-0.04759709420246202
FW-009,SMA30,90,2472,2810.9294444444445,3661.0,-54.336144781144796,1.137107380438691,0.7678037269719871,-0.021980641092696113
FW-010,SEASONAL7,30,843,1235.884523809524,1503.0,-98.37261904761905,1.4660551883861495,0.8222784589551058,-0.11669349827712817
FW-010,SEASONAL7,60,1637,2434.980952380952,2906.0,-92.44285714285716,1.4874654565552548,0.8379149870546979,-0.056470896238764307
FW-010,SEASONAL7,90,2500,3619.513095238095,4305.0,-71.57023809523812,1.447805238095238,0.8407695923898014,-0.02862809523809525
FW-010,SMA30,30,843,1047.6390079365078,1503.0,-131.91567460317464,1.2427508990943152,0.6970319414081888,-0.15648359976651796
FW-010,SMA30,60,1637,2037.490476190476,2906.0,-228.4707936507937,1.2446490386013904,0.7011323042637564,-0.13956676460036269
FW-010,SMA30,90,2500,3011.200714285714,4305.0,-210.83793650793663,1.2044802857142858,0.6994659034345445,-0.08433517460317465
FW-011,SEASONAL7,30,1260,1335.0,1353.0,15.0,1.0595238095238095,0.9866962305986696,0.011904761904761904
FW-011,SEASONAL7,60,2520,2718.0,2649.0,128.0,1.0785714285714285,1.0260475651189127,0.050793650793650794
FW-011,SEASONAL7,90,3780,4042.0,3782.0,386.0,1.0693121693121692,1.068746694870439,0.10211640211640212
FW-011,SMA30,30,1260,1057.2,1353.0,-9.999999999999982,0.839047619047619,0.7813747228381375,-0.007936507936507922
FW-011,SMA30,60,2520,2144.133333333333,2649.0,36.999999999999986,0.8508465608465609,0.8094123568642254,0.014682539682539677
FW-011,SMA30,90,3780,3204.9333333333334,3782.0,246.99999999999997,0.8478659611992946,0.8474175921029438,0.06534391534391534
FW-012,SEASONAL7,30,1260,1634.0,1696.0,-2.0,1.2968253968253969,0.9634433962264151,-0.0015873015873015873
FW-012,SEASONAL7,60,2520,3247.0,3350.0,61.0,1.2884920634920636,0.9692537313432836,0.024206349206349207
FW-012,SEASONAL7,90,3780,4788.0,4823.0,304.0,1.2666666666666666,0.9927431059506531,0.08042328042328042
FW-012,SMA30,30,1260,1184.2666666666667,1696.0,3.000000000000025,0.9398941798941799,0.6982704402515724,0.0023809523809524007
FW-012,SMA30,60,2520,2376.5333333333333,3350.0,48.00000000000006,0.9430687830687831,0.7094129353233831,0.01904761904761907
FW-012,SMA30,90,3780,3502.133333333333,4823.0,274.0,0.9264902998236332,0.7261317299053148,0.07248677248677249
FW-013,SEASONAL7,30,950,1334.7571428571428,1427.0,-75.05238095238094,1.4050075187969924,0.9353588947842626,-0.07900250626566416
FW-013,SEASONAL7,60,1770,2504.1940476190475,2648.0,-94.88214285714285,1.414798896959914,0.9456926161703352,-0.05360573042776432
FW-013,SEASONAL7,90,2705,3789.258333333333,3851.0,30.0011904761905,1.4008348736906961,0.9839673677832598,0.0110910131150427
FW-013,SMA30,30,950,1046.3905952380953,1427.0,-149.37654761904759,1.101463784461153,0.7332800246938299,-0.15723847117794482
FW-013,SMA30,60,1770,2011.5109523809524,2648.0,-228.47587301587302,1.1364468657519504,0.7596340454610847,-0.1290824141332616
FW-013,SMA30,90,2705,3009.4025396825396,3851.0,-125.11206349206344,1.1125332863891089,0.7814600206913891,-0.04625214916527299
FW-014,SEASONAL7,30,905,1414.1773809523809,1474.0,-85.64166666666665,1.562626940278874,0.959414776765523,-0.09463167587476978
FW-014,SEASONAL7,60,1678,2660.0142857142855,2686.0,-2.4690476190476147,1.5852290141324705,0.9903254972875225,-0.0014714228957375534
FW-014,SEASONAL7,90,2609,4077.407142857143,4108.0,26.252380952380946,1.5628237419920057,0.9925528585338712,0.01006223877055613
FW-014,SMA30,30,905,1157.7575,1474.0,-162.4490873015873,1.2792900552486186,0.7854528493894165,-0.17950175392440584
FW-014,SMA30,60,1678,2213.8059126984126,2686.0,-198.2753571428571,1.3193122244924986,0.824201754541479,-0.11816171462625573
FW-014,SMA30,90,2609,3380.557619047619,4108.0,-261.6632539682539,1.2957292522221613,0.8229205499142208,-0.10029254655739897
FW-015,SEASONAL7,30,1260,739.0,471.0,1.0,0.5865079365079365,1.5690021231422506,0.0007936507936507937
FW-015,SEASONAL7,60,2520,1485.0,965.0,-5.0,0.5892857142857143,1.538860103626943,-0.001984126984126984
FW-015,SEASONAL7,90,3780,2222.0,1416.0,18.0,0.5878306878306878,1.5692090395480225,0.004761904761904762
FW-015,SMA30,30,1260,673.6666666666666,471.0,-11.000000000000018,0.5346560846560846,1.430290162774239,-0.008730158730158744
FW-015,SMA30,60,2520,1363.6666666666667,965.0,-45.00000000000002,0.5411375661375661,1.413126079447323,-0.017857142857142867
FW-015,SMA30,90,3780,2029.8666666666668,1416.0,-36.00000000000001,0.5370017636684303,1.433521657250471,-0.009523809523809526
FW-016,SEASONAL7,30,1260,1447.0,1392.0,-3.0,1.1484126984126983,1.0395114942528736,-0.002380952380952381
FW-016,SEASONAL7,60,2520,2858.0,2767.0,26.0,1.134126984126984,1.0328876039031443,0.010317460317460317
FW-016,SEASONAL7,90,3780,4293.0,3954.0,245.0,1.1357142857142857,1.0857359635811836,0.06481481481481481
FW-016,SMA30,30,1260,1076.7333333333333,1392.0,-50.99999999999994,0.8545502645502646,0.7735153256704981,-0.04047619047619043
FW-016,SMA30,60,2520,2150.133333333333,2767.0,-84.9999999999999,0.8532275132275132,0.7770630044572943,-0.033730158730158694
FW-016,SMA30,90,3780,3216.333333333333,3954.0,69.00000000000017,0.8508818342151675,0.8134378688248187,0.0182539682539683
FW-017,SEASONAL7,30,1179,1400.1607142857142,1513.0,-45.017857142857146,1.1875833030413183,0.9254201680672268,-0.03818308493881013
FW-017,SEASONAL7,60,2314,2717.25,2955.0,-64.28571428571429,1.174265341400173,0.9195431472081218,-0.027781207556488458
FW-017,SEASONAL7,90,3392,3892.8214285714284,4177.0,47.964285714285715,1.147647826819407,0.9319658675057286,0.014140414420485175
FW-017,SMA30,30,1179,1062.9261904761904,1513.0,-73.53690476190474,0.9015489317016034,0.7025288767192269,-0.062372268669978574
FW-017,SMA30,60,2314,2092.6130952380954,2955.0,-123.4690476190476,0.9043271803103264,0.708160099911369,-0.05335741037988228
FW-017,SMA30,90,3392,3031.2160714285715,4177.0,-35.44464285714282,0.8936368135107817,0.7256921406340846,-0.010449481974393519
FW-018,SEASONAL7,30,950,1373.557142857143,1445.0,-100.0904761904762,1.4458496240601504,0.9505585763717253,-0.10535839598997494
FW-018,SEASONAL7,60,1913,2766.5285714285715,2847.0,-0.10714285714285676,1.4461728026286311,0.9717346580360279,-5.600776641027536e-05
FW-018,SEASONAL7,90,2901,4096.802380952381,4051.0,365.3261904761905,1.4122035094630752,1.0113064381516617,0.12593112391457792
FW-018,SMA30,30,950,1095.6750396825396,1445.0,-109.98281746031748,1.1533421470342522,0.7582526226176745,-0.11577138680033419
FW-018,SMA30,60,1913,2221.5854365079363,2847.0,-67.84313492063492,1.1613096897584612,0.7803250567291662,-0.03546426289630681
FW-018,SMA30,90,2901,3312.315912698413,4051.0,239.28115079365094,1.1417841822469537,0.817653891063543,0.08248229948074834
FW-019,SEASONAL7,30,955,1342.2261904761906,1590.0,-53.483333333333334,1.405472450760409,0.8441674153938306,-0.05600349040139616
FW-019,SEASONAL7,60,1765,2477.822619047619,2904.0,-10.477380952380948,1.4038655065425603,0.8532447035287943,-0.005936193174153511
FW-019,SEASONAL7,90,2679,3679.785714285714,4318.0,65.76666666666668,1.3735668959633125,0.8521967842255012,0.024548961055120076
FW-019,SMA30,30,955,1049.7435714285714,1590.0,-76.66015873015874,1.099207928197457,0.6602160826594788,-0.08027241751849083
FW-019,SMA30,60,1765,1919.2435714285714,2904.0,-101.65404761904763,1.0873901254552811,0.6608965466351829,-0.05759436125725078
FW-019,SMA30,90,2679,2875.2857936507935,4318.0,-47.497539682539696,1.0732683067005575,0.6658836946852231,-0.01772957808232165
FW-020,SEASONAL7,30,847,1344.0214285714285,1609.0,-73.96666666666667,1.586802158880081,0.8353147474030009,-0.08732782369146005
FW-020,SEASONAL7,60,1616,2570.6583333333333,2942.0,148.56309523809526,1.5907539191419142,0.8737791751642873,0.09193260843941538
FW-020,SEASONAL7,90,2597,3966.794047619048,4543.0,361.30119047619047,1.5274524634651705,0.8731662002243117,0.1391225223242936
FW-020,SMA30,30,847,1120.3586904761905,1609.0,-55.631785714285684,1.3227375330297408,0.6963074521293913,-0.06568097486928652
FW-020,SMA30,60,1616,2096.6070634920634,2942.0,103.52126984126988,1.2974053610718215,0.7126468604663709,0.06406019173345909
FW-020,SMA30,90,2597,3227.3749603174606,4543.0,318.86162698412704,1.242731983179615,0.7104061105695488,0.12278075740628688
FW-021,SEASONAL7,30,1260,1360.0,1299.0,-50.0,1.0793650793650793,1.0469591993841416,-0.03968253968253968
FW-021,SEASONAL7,60,2520,2770.0,2547.0,-34.0,1.0992063492063493,1.087553985080487,-0.013492063492063493
FW-021,SEASONAL7,90,3780,4071.0,3632.0,121.0,1.076984126984127,1.1208700440528634,0.03201058201058201
FW-021,SMA30,30,1260,1079.4,1299.0,-115.0,0.8566666666666667,0.8309468822170901,-0.09126984126984126
FW-021,SMA30,60,2520,2138.266666666667,2547.0,-179.0,0.8485185185185186,0.8395236225624919,-0.07103174603174603
FW-021,SMA30,90,3780,3160.8,3632.0,-79.99999999999991,0.8361904761904763,0.8702643171806168,-0.021164021164021142
FW-022,SEASONAL7,30,1260,671.0,436.0,-31.0,0.5325396825396825,1.5389908256880733,-0.024603174603174603
FW-022,SEASONAL7,60,2520,1337.0,860.0,-53.0,0.5305555555555556,1.5546511627906976,-0.021031746031746033
FW-022,SEASONAL7,90,3780,1940.0,1229.0,-12.0,0.5132275132275133,1.578519121236778,-0.0031746031746031746
FW-022,SMA30,30,1260,611.6,436.0,-47.000000000000014,0.48539682539682544,1.4027522935779817,-0.037301587301587315
FW-022,SMA30,60,2520,1211.0,860.0,-82.0,0.48055555555555557,1.408139534883721,-0.03253968253968254
FW-022,SMA30,90,3780,1775.0,1229.0,-62.000000000000014,0.4695767195767196,1.4442636289666395,-0.016402116402116407
FW-023,SEASONAL7,30,918,1232.5523809523809,1268.0,-24.097619047619048,1.342649652453574,0.9720444644734865,-0.02625012968150223
FW-023,SEASONAL7,60,1825,2419.144047619048,2530.0,-10.263095238095246,1.3255583822570125,0.9561834180312442,-0.005623613829093286
FW-023,SEASONAL7,90,2770,3605.1,3681.0,241.3190476190476,1.301480144404332,0.9793806030969845,0.08711878975416881
FW-023,SMA30,30,918,975.0688095238095,1268.0,-26.221428571428568,1.062166459176263,0.7689817109809223,-0.028563647681294737
FW-023,SMA30,60,1825,1922.0969047619049,2530.0,21.859285714285743,1.0532037834311807,0.759722096743836,0.011977690802348352
FW-023,SMA30,90,2770,2822.2872619047616,3681.0,232.8582936507937,1.018876267835654,0.766717539229764,0.0840643659389147
FW-024,SEASONAL7,30,915,1222.3630952380952,1402.0,-3.4083333333333314,1.3359159510798855,0.8718709666462876,-0.0037249544626593786
FW-024,SEASONAL7,60,1970,2644.747619047619,3097.0,19.61904761904763,1.3425114817500605,0.8539708166120824,0.009958907420836362
FW-024,SEASONAL7,90,3032,4050.322619047619,4621.0,174.70119047619048,1.3358583835909033,0.876503488216321,0.05761912614650082
FW-024,SMA30,30,915,1017.1968253968254,1402.0,-40.92134920634923,1.111690519559372,0.7255326857324004,-0.044722786017868006
FW-024,SMA30,60,1970,2161.8021825396827,3097.0,-116.27202380952383,1.0973615139795343,0.6980310566805562,-0.05902133188300702
FW-024,SMA30,90,3032,3299.000119047619,4621.0,-32.03019841269851,1.0880607252795578,0.713914762832205,-0.010564049608409799
